file_name,real_age
000000.jpg,4
000001.jpg,18
000002.jpg,80
000003.jpg,50
000004.jpg,17
000005.jpg,27
000006.jpg,24
000007.jpg,43
000008.jpg,26
000009.jpg,39
000010.jpg,17
000011.jpg,51
000012.jpg,2
000013.jpg,1
000014.jpg,6
000015.jpg,18
000016.jpg,24
000017.jpg,5
000018.jpg,40
000019.jpg,16
000020.jpg,29
000021.jpg,1
000022.jpg,35
000023.jpg,25
000024.jpg,5
000025.jpg,30
000026.jpg,24
000027.jpg,35
000028.jpg,65
000029.jpg,13
000030.jpg,1
000031.jpg,28
000032.jpg,27
000033.jpg,16
000034.jpg,4
000035.jpg,16
000036.jpg,2
000037.jpg,31
000038.jpg,10
000039.jpg,4
000040.jpg,1
000041.jpg,34
000042.jpg,15
000043.jpg,30
000044.jpg,8
000045.jpg,20
000046.jpg,16
000047.jpg,19
000048.jpg,40
000049.jpg,10
000050.jpg,42
000051.jpg,23
000052.jpg,25
000053.jpg,1
000054.jpg,58
000055.jpg,23
000056.jpg,44
000057.jpg,7
000058.jpg,21
000059.jpg,14
000060.jpg,28
000061.jpg,24
000062.jpg,10
000063.jpg,40
000064.jpg,26
000065.jpg,34
000066.jpg,48
000067.jpg,39
000068.jpg,5
000069.jpg,24
000070.jpg,27
000071.jpg,45
000072.jpg,24
000073.jpg,21
000074.jpg,24
000075.jpg,24
000076.jpg,26
000077.jpg,14
000078.jpg,17
000079.jpg,2
000080.jpg,27
000081.jpg,23
000082.jpg,25
000083.jpg,18
000084.jpg,58
000085.jpg,51
000086.jpg,25
000087.jpg,29
000088.jpg,37
000089.jpg,50
000090.jpg,35
000091.jpg,22
000092.jpg,28
000093.jpg,59
000094.jpg,30
000095.jpg,17
000096.jpg,53
000097.jpg,51
000098.jpg,24
000099.jpg,19
000100.jpg,45
000101.jpg,9
000102.jpg,41
000103.jpg,32
000104.jpg,27
000105.jpg,60
000106.jpg,45
000107.jpg,23
000108.jpg,38
000109.jpg,20
000110.jpg,13
000111.jpg,54
000112.jpg,49
000113.jpg,19
000114.jpg,36
000115.jpg,80
000116.jpg,24
000117.jpg,11
000118.jpg,8
000119.jpg,60
000120.jpg,70
000121.jpg,23
000122.jpg,15
000123.jpg,22
000124.jpg,25
000125.jpg,28
000126.jpg,37
000127.jpg,24
000128.jpg,26
000129.jpg,16
000130.jpg,5
000131.jpg,60
000132.jpg,43
000133.jpg,24
000134.jpg,42
000135.jpg,26
000136.jpg,54
000137.jpg,52
000138.jpg,24
000139.jpg,23
000140.jpg,26
000141.jpg,18
000142.jpg,54
000143.jpg,4
000144.jpg,23
000145.jpg,30
000146.jpg,23
000147.jpg,8
000148.jpg,40
000149.jpg,52
000150.jpg,37
000151.jpg,1
000152.jpg,25
000153.jpg,20
000154.jpg,28
000155.jpg,60
000156.jpg,34
000157.jpg,48
000158.jpg,1
000159.jpg,18
000160.jpg,21
000161.jpg,30
000162.jpg,32
000163.jpg,48
000164.jpg,50
000165.jpg,45
000166.jpg,31
000167.jpg,80
000168.jpg,24
000169.jpg,21
000170.jpg,13
000171.jpg,32
000172.jpg,33
000173.jpg,28
000174.jpg,52
000175.jpg,72
000176.jpg,47
000177.jpg,30
000178.jpg,6
000179.jpg,27
000180.jpg,26
000181.jpg,14
000182.jpg,23
000183.jpg,28
000184.jpg,33
000185.jpg,26
000186.jpg,16
000187.jpg,8
000188.jpg,39
000189.jpg,46
000190.jpg,65
000191.jpg,55
000192.jpg,6
000193.jpg,63
000194.jpg,21
000195.jpg,26
000196.jpg,17
000197.jpg,22
000198.jpg,17
000199.jpg,24
000200.jpg,15
000201.jpg,33
000202.jpg,16
000203.jpg,12
000204.jpg,16
000205.jpg,34
000206.jpg,44
000207.jpg,28
000208.jpg,18
000209.jpg,16
000210.jpg,45
000211.jpg,19
000212.jpg,15
000213.jpg,15
000214.jpg,34
000215.jpg,17
000216.jpg,49
000217.jpg,7
000218.jpg,8
000219.jpg,23
000220.jpg,24
000221.jpg,41
000222.jpg,56
000223.jpg,18
000224.jpg,60
000225.jpg,29
000226.jpg,25
000227.jpg,30
000228.jpg,50
000229.jpg,49
000230.jpg,58
000231.jpg,30
000232.jpg,28
000233.jpg,6
000234.jpg,25
000235.jpg,4
000236.jpg,6
000237.jpg,37
000238.jpg,1
000239.jpg,30
000240.jpg,26
000241.jpg,30
000242.jpg,30
000243.jpg,17
000244.jpg,48
000245.jpg,32
000246.jpg,18
000247.jpg,28
000248.jpg,15
000249.jpg,11
000250.jpg,10
000251.jpg,1
000252.jpg,30
000253.jpg,19
000254.jpg,53
000255.jpg,80
000256.jpg,39
000257.jpg,13
000258.jpg,7
000259.jpg,34
000260.jpg,15
000261.jpg,27
000262.jpg,31
000263.jpg,30
000264.jpg,16
000265.jpg,52
000266.jpg,16
000267.jpg,18
000268.jpg,28
000269.jpg,15
000270.jpg,16
000271.jpg,40
000272.jpg,17
000273.jpg,19
000274.jpg,44
000275.jpg,24
000276.jpg,50
000277.jpg,32
000278.jpg,43
000279.jpg,3
000280.jpg,30
000281.jpg,70
000282.jpg,26
000283.jpg,26
000284.jpg,19
000285.jpg,50
000286.jpg,41
000287.jpg,25
000288.jpg,50
000289.jpg,25
000290.jpg,50
000291.jpg,51
000292.jpg,40
000293.jpg,45
000294.jpg,9
000295.jpg,34
000296.jpg,30
000297.jpg,13
000298.jpg,44
000299.jpg,17
000300.jpg,31
000301.jpg,25
000302.jpg,33
000303.jpg,18
000304.jpg,6
000305.jpg,30
000306.jpg,27
000307.jpg,26
000308.jpg,16
000309.jpg,26
000310.jpg,23
000311.jpg,70
000312.jpg,2
000313.jpg,60
000314.jpg,26
000315.jpg,18
000316.jpg,14
000317.jpg,35
000318.jpg,18
000319.jpg,26
000320.jpg,18
000321.jpg,34
000322.jpg,65
000323.jpg,1
000324.jpg,70
000325.jpg,35
000326.jpg,1
000327.jpg,13
000328.jpg,19
000329.jpg,18
000330.jpg,59
000331.jpg,15
000332.jpg,16
000333.jpg,50
000334.jpg,19
000335.jpg,4
000336.jpg,30
000337.jpg,58
000338.jpg,36
000339.jpg,22
000340.jpg,21
000341.jpg,23
000342.jpg,25
000343.jpg,14
000344.jpg,14
000345.jpg,29
000346.jpg,14
000347.jpg,30
000348.jpg,53
000349.jpg,55
000350.jpg,26
000351.jpg,30
000352.jpg,41
000353.jpg,48
000354.jpg,44
000355.jpg,22
000356.jpg,25
000357.jpg,7
000358.jpg,27
000359.jpg,30
000360.jpg,5
000361.jpg,23
000362.jpg,2
000363.jpg,26
000364.jpg,15
000365.jpg,33
000366.jpg,15
000367.jpg,47
000368.jpg,45
000369.jpg,25
000370.jpg,40
000371.jpg,26
000372.jpg,63
000373.jpg,1
000374.jpg,43
000375.jpg,35
000376.jpg,1
000377.jpg,39
000378.jpg,13
000379.jpg,48
000380.jpg,28
000381.jpg,35
000382.jpg,27
000383.jpg,25
000384.jpg,16
000385.jpg,58
000386.jpg,20
000387.jpg,35
000388.jpg,23
000389.jpg,68
000390.jpg,18
000391.jpg,11
000392.jpg,14
000393.jpg,26
000394.jpg,26
000395.jpg,25
000396.jpg,5
000397.jpg,4
000398.jpg,40
000399.jpg,26
000400.jpg,47
000401.jpg,15
000402.jpg,51
000403.jpg,43
000404.jpg,41
000405.jpg,25
000406.jpg,26
000407.jpg,22
000408.jpg,27
000409.jpg,10
000410.jpg,25
000411.jpg,16
000412.jpg,64
000413.jpg,44
000414.jpg,36
000415.jpg,37
000416.jpg,47
000417.jpg,51
000418.jpg,9
000419.jpg,41
000420.jpg,25
000421.jpg,15
000422.jpg,25
000423.jpg,14
000424.jpg,19
000425.jpg,17
000426.jpg,30
000427.jpg,45
000428.jpg,21
000429.jpg,34
000430.jpg,32
000431.jpg,28
000432.jpg,34
000433.jpg,44
000434.jpg,25
000435.jpg,67
000436.jpg,19
000437.jpg,56
000438.jpg,4
000439.jpg,31
000440.jpg,37
000441.jpg,62
000442.jpg,5
000443.jpg,15
000444.jpg,2
000445.jpg,41
000446.jpg,29
000447.jpg,13
000448.jpg,1
000449.jpg,38
000450.jpg,44
000451.jpg,24
000452.jpg,5
000453.jpg,33
000454.jpg,25
000455.jpg,16
000456.jpg,50
000457.jpg,40
000458.jpg,40
000459.jpg,1
000460.jpg,25
000461.jpg,60
000462.jpg,1
000463.jpg,21
000464.jpg,18
000465.jpg,23
000466.jpg,20
000467.jpg,32
000468.jpg,19
000469.jpg,49
000470.jpg,35
000471.jpg,1
000472.jpg,65
000473.jpg,19
000474.jpg,2
000475.jpg,16
000476.jpg,40
000477.jpg,23
000478.jpg,37
000479.jpg,50
000480.jpg,26
000481.jpg,56
000482.jpg,1
000483.jpg,8
000484.jpg,17
000485.jpg,24
000486.jpg,25
000487.jpg,24
000488.jpg,26
000489.jpg,18
000490.jpg,23
000491.jpg,26
000492.jpg,17
000493.jpg,54
000494.jpg,38
000495.jpg,33
000496.jpg,41
000497.jpg,2
000498.jpg,38
000499.jpg,29
000500.jpg,55
000501.jpg,50
000502.jpg,19
000503.jpg,19
000504.jpg,30
000505.jpg,34
000506.jpg,17
000507.jpg,22
000508.jpg,30
000509.jpg,14
000510.jpg,28
000511.jpg,23
000512.jpg,67
000513.jpg,27
000514.jpg,34
000515.jpg,70
000516.jpg,27
000517.jpg,14
000518.jpg,40
000519.jpg,20
000520.jpg,16
000521.jpg,15
000522.jpg,45
000523.jpg,2
000524.jpg,28
000525.jpg,39
000526.jpg,23
000527.jpg,28
000528.jpg,56
000529.jpg,2
000530.jpg,40
000531.jpg,2
000532.jpg,27
000533.jpg,80
000534.jpg,60
000535.jpg,22
000536.jpg,17
000537.jpg,19
000538.jpg,32
000539.jpg,45
000540.jpg,19
000541.jpg,20
000542.jpg,37
000543.jpg,27
000544.jpg,15
000545.jpg,52
000546.jpg,47
000547.jpg,35
000548.jpg,17
000549.jpg,33
000550.jpg,22
000551.jpg,59
000552.jpg,16
000553.jpg,15
000554.jpg,57
000555.jpg,28
000556.jpg,26
000557.jpg,44
000558.jpg,21
000559.jpg,48
000560.jpg,60
000561.jpg,34
000562.jpg,19
000563.jpg,5
000564.jpg,3
000565.jpg,16
000566.jpg,28
000567.jpg,33
000568.jpg,35
000569.jpg,49
000570.jpg,40
000571.jpg,26
000572.jpg,24
000573.jpg,32
000574.jpg,22
000575.jpg,9
000576.jpg,42
000577.jpg,30
000578.jpg,26
000579.jpg,33
000580.jpg,7
000581.jpg,18
000582.jpg,24
000583.jpg,18
000584.jpg,31
000585.jpg,17
000586.jpg,47
000587.jpg,17
000588.jpg,36
000589.jpg,16
000590.jpg,50
000591.jpg,26
000592.jpg,16
000593.jpg,6
000594.jpg,25
000595.jpg,4
000596.jpg,20
000597.jpg,49
000598.jpg,40
000599.jpg,5
000600.jpg,32
000601.jpg,75
000602.jpg,9
000603.jpg,20
000604.jpg,30
000605.jpg,24
000606.jpg,29
000607.jpg,19
000608.jpg,30
000609.jpg,7
000610.jpg,14
000611.jpg,49
000612.jpg,17
000613.jpg,70
000614.jpg,10
000615.jpg,5
000616.jpg,7
000617.jpg,47
000618.jpg,29
000619.jpg,18
000620.jpg,52
000621.jpg,28
000622.jpg,61
000623.jpg,23
000624.jpg,23
000625.jpg,40
000626.jpg,35
000627.jpg,19
000628.jpg,41
000629.jpg,31
000630.jpg,22
000631.jpg,40
000632.jpg,33
000633.jpg,22
000634.jpg,4
000635.jpg,21
000636.jpg,20
000637.jpg,27
000638.jpg,30
000639.jpg,20
000640.jpg,4
000641.jpg,22
000642.jpg,18
000643.jpg,29
000644.jpg,17
000645.jpg,1
000646.jpg,30
000647.jpg,21
000648.jpg,47
000649.jpg,42
000650.jpg,28
000651.jpg,48
000652.jpg,32
000653.jpg,18
000654.jpg,69
000655.jpg,25
000656.jpg,25
000657.jpg,16
000658.jpg,18
000659.jpg,4
000660.jpg,19
000661.jpg,28
000662.jpg,25
000663.jpg,34
000664.jpg,34
000665.jpg,24
000666.jpg,32
000667.jpg,1
000668.jpg,27
000669.jpg,47
000670.jpg,60
000671.jpg,35
000672.jpg,25
000673.jpg,44
000674.jpg,1
000675.jpg,42
000676.jpg,63
000677.jpg,20
000678.jpg,52
000679.jpg,42
000680.jpg,27
000681.jpg,28
000682.jpg,9
000683.jpg,23
000684.jpg,6
000685.jpg,59
000686.jpg,25
000687.jpg,12
000688.jpg,48
000689.jpg,48
000690.jpg,40
000691.jpg,35
000692.jpg,23
000693.jpg,34
000694.jpg,30
000695.jpg,49
000696.jpg,18
000697.jpg,20
000698.jpg,3
000699.jpg,3
000700.jpg,25
000701.jpg,29
000702.jpg,16
000703.jpg,34
000704.jpg,5
000705.jpg,40
000706.jpg,37
000707.jpg,5
000708.jpg,30
000709.jpg,29
000710.jpg,32
000711.jpg,22
000712.jpg,30
000713.jpg,48
000714.jpg,19
000715.jpg,17
000716.jpg,10
000717.jpg,53
000718.jpg,26
000719.jpg,19
000720.jpg,54
000721.jpg,21
000722.jpg,11
000723.jpg,51
000724.jpg,48
000725.jpg,31
000726.jpg,12
000727.jpg,18
000728.jpg,12
000729.jpg,1
000730.jpg,2
000731.jpg,21
000732.jpg,23
000733.jpg,18
000734.jpg,13
000735.jpg,18
000736.jpg,28
000737.jpg,17
000738.jpg,41
000739.jpg,25
000740.jpg,33
000741.jpg,18
000742.jpg,4
000743.jpg,30
000744.jpg,32
000745.jpg,34
000746.jpg,58
000747.jpg,21
000748.jpg,35
000749.jpg,30
000750.jpg,7
000751.jpg,35
000752.jpg,14
000753.jpg,4
000754.jpg,22
000755.jpg,47
000756.jpg,5
000757.jpg,16
000758.jpg,24
000759.jpg,30
000760.jpg,26
000761.jpg,39
000762.jpg,6
000763.jpg,26
000764.jpg,16
000765.jpg,42
000766.jpg,38
000767.jpg,50
000768.jpg,33
000769.jpg,19
000770.jpg,14
000771.jpg,27
000772.jpg,20
000773.jpg,1
000774.jpg,26
000775.jpg,29
000776.jpg,20
000777.jpg,29
000778.jpg,15
000779.jpg,90
000780.jpg,7
000781.jpg,34
000782.jpg,34
000783.jpg,20
000784.jpg,57
000785.jpg,21
000786.jpg,35
000787.jpg,31
000788.jpg,27
000789.jpg,34
000790.jpg,24
000791.jpg,15
000792.jpg,60
000793.jpg,20
000794.jpg,27
000795.jpg,13
000796.jpg,24
000797.jpg,16
000798.jpg,20
000799.jpg,23
000800.jpg,1
000801.jpg,43
000802.jpg,25
000803.jpg,2
000804.jpg,34
000805.jpg,39
000806.jpg,45
000807.jpg,50
000808.jpg,27
000809.jpg,25
000810.jpg,29
000811.jpg,27
000812.jpg,36
000813.jpg,35
000814.jpg,25
000815.jpg,40
000816.jpg,40
000817.jpg,60
000818.jpg,32
000819.jpg,30
000820.jpg,17
000821.jpg,23
000822.jpg,30
000823.jpg,27
000824.jpg,75
000825.jpg,80
000826.jpg,21
000827.jpg,37
000828.jpg,30
000829.jpg,25
000830.jpg,21
000831.jpg,50
000832.jpg,39
000833.jpg,24
000834.jpg,4
000835.jpg,18
000836.jpg,37
000837.jpg,25
000838.jpg,56
000839.jpg,36
000840.jpg,23
000841.jpg,34
000842.jpg,23
000843.jpg,28
000844.jpg,68
000845.jpg,17
000846.jpg,30
000847.jpg,45
000848.jpg,22
000849.jpg,27
000850.jpg,16
000851.jpg,75
000852.jpg,56
000853.jpg,52
000854.jpg,15
000855.jpg,42
000856.jpg,45
000857.jpg,18
000858.jpg,35
000859.jpg,41
000860.jpg,50
000861.jpg,75
000862.jpg,25
000863.jpg,17
000864.jpg,54
000865.jpg,25
000866.jpg,7
000867.jpg,49
000868.jpg,27
000869.jpg,40
000870.jpg,46
000871.jpg,27
000872.jpg,18
000873.jpg,44
000874.jpg,85
000875.jpg,4
000876.jpg,47
000877.jpg,67
000878.jpg,22
000879.jpg,18
000880.jpg,64
000881.jpg,54
000882.jpg,23
000883.jpg,13
000884.jpg,45
000885.jpg,17
000886.jpg,29
000887.jpg,16
000888.jpg,52
000889.jpg,5
000890.jpg,19
000891.jpg,52
000892.jpg,47
000893.jpg,9
000894.jpg,29
000895.jpg,35
000896.jpg,27
000897.jpg,50
000898.jpg,25
000899.jpg,7
000900.jpg,34
000901.jpg,41
000902.jpg,30
000903.jpg,19
000904.jpg,3
000905.jpg,6
000906.jpg,50
000907.jpg,1
000908.jpg,2
000909.jpg,12
000910.jpg,17
000911.jpg,29
000912.jpg,17
000913.jpg,12
000914.jpg,35
000915.jpg,50
000916.jpg,8
000917.jpg,25
000918.jpg,18
000919.jpg,25
000920.jpg,46
000921.jpg,55
000922.jpg,17
000923.jpg,24
000924.jpg,46
000925.jpg,14
000926.jpg,17
000927.jpg,43
000928.jpg,50
000929.jpg,30
000930.jpg,19
000931.jpg,48
000932.jpg,44
000933.jpg,46
000934.jpg,4
000935.jpg,31
000936.jpg,36
000937.jpg,14
000938.jpg,30
000939.jpg,61
000940.jpg,33
000941.jpg,22
000942.jpg,19
000943.jpg,5
000944.jpg,42
000945.jpg,23
000946.jpg,20
000947.jpg,49
000948.jpg,36
000949.jpg,50
000950.jpg,36
000951.jpg,85
000952.jpg,20
000953.jpg,90
000954.jpg,28
000955.jpg,20
000956.jpg,46
000957.jpg,27
000958.jpg,28
000959.jpg,23
000960.jpg,12
000961.jpg,26
000962.jpg,70
000963.jpg,18
000964.jpg,31
000965.jpg,5
000966.jpg,14
000967.jpg,22
000968.jpg,25
000969.jpg,18
000970.jpg,24
000971.jpg,22
000972.jpg,19
000973.jpg,25
000974.jpg,30
000975.jpg,14
000976.jpg,33
000977.jpg,4
000978.jpg,37
000979.jpg,17
000980.jpg,15
000981.jpg,50
000982.jpg,25
000983.jpg,19
000984.jpg,4
000985.jpg,43
000986.jpg,40
000987.jpg,59
000988.jpg,26
000989.jpg,43
000990.jpg,24
000991.jpg,1
000992.jpg,27
000993.jpg,25
000994.jpg,40
000995.jpg,40
000996.jpg,26
000997.jpg,21
000998.jpg,26
000999.jpg,14
001000.jpg,25
001001.jpg,39
001002.jpg,72
001003.jpg,50
001004.jpg,20
001005.jpg,1
001006.jpg,19
001007.jpg,27
001008.jpg,2
001009.jpg,22
001010.jpg,44
001011.jpg,40
001012.jpg,22
001013.jpg,16
001014.jpg,54
001015.jpg,32
001016.jpg,29
001017.jpg,5
001018.jpg,50
001019.jpg,40
001020.jpg,33
001021.jpg,39
001022.jpg,20
001023.jpg,29
001024.jpg,21
001025.jpg,23
001026.jpg,51
001027.jpg,14
001028.jpg,17
001029.jpg,30
001030.jpg,14
001031.jpg,36
001032.jpg,44
001033.jpg,1
001034.jpg,36
001035.jpg,37
001036.jpg,24
001037.jpg,40
001038.jpg,34
001039.jpg,5
001040.jpg,17
001041.jpg,41
001042.jpg,24
001043.jpg,3
001044.jpg,41
001045.jpg,40
001046.jpg,16
001047.jpg,25
001048.jpg,36
001049.jpg,5
001050.jpg,35
001051.jpg,60
001052.jpg,65
001053.jpg,17
001054.jpg,18
001055.jpg,20
001056.jpg,17
001057.jpg,33
001058.jpg,18
001059.jpg,25
001060.jpg,35
001061.jpg,39
001062.jpg,32
001063.jpg,25
001064.jpg,25
001065.jpg,90
001066.jpg,25
001067.jpg,26
001068.jpg,18
001069.jpg,88
001070.jpg,23
001071.jpg,8
001072.jpg,47
001073.jpg,17
001074.jpg,52
001075.jpg,31
001076.jpg,1
001077.jpg,21
001078.jpg,6
001079.jpg,30
001080.jpg,60
001081.jpg,17
001082.jpg,16
001083.jpg,29
001084.jpg,38
001085.jpg,20
001086.jpg,40
001087.jpg,69
001088.jpg,42
001089.jpg,39
001090.jpg,35
001091.jpg,35
001092.jpg,28
001093.jpg,16
001094.jpg,27
001095.jpg,25
001096.jpg,42
001097.jpg,23
001098.jpg,30
001099.jpg,2
001100.jpg,44
001101.jpg,14
001102.jpg,25
001103.jpg,33
001104.jpg,24
001105.jpg,50
001106.jpg,38
001107.jpg,62
001108.jpg,28
001109.jpg,30
001110.jpg,12
001111.jpg,10
001112.jpg,30
001113.jpg,27
001114.jpg,58
001115.jpg,14
001116.jpg,37
001117.jpg,18
001118.jpg,22
001119.jpg,10
001120.jpg,55
001121.jpg,30
001122.jpg,29
001123.jpg,43
001124.jpg,35
001125.jpg,25
001126.jpg,65
001127.jpg,27
001128.jpg,10
001129.jpg,30
001130.jpg,17
001131.jpg,7
001132.jpg,23
001133.jpg,65
001134.jpg,31
001135.jpg,5
001136.jpg,4
001137.jpg,30
001138.jpg,18
001139.jpg,14
001140.jpg,24
001141.jpg,1
001142.jpg,36
001143.jpg,30
001144.jpg,23
001145.jpg,6
001146.jpg,34
001147.jpg,62
001148.jpg,35
001149.jpg,22
001150.jpg,38
001151.jpg,49
001152.jpg,28
001153.jpg,12
001154.jpg,32
001155.jpg,39
001156.jpg,27
001157.jpg,41
001158.jpg,15
001159.jpg,7
001160.jpg,59
001161.jpg,69
001162.jpg,23
001163.jpg,1
001164.jpg,11
001165.jpg,19
001166.jpg,29
001167.jpg,34
001168.jpg,73
001169.jpg,49
001170.jpg,17
001171.jpg,30
001172.jpg,19
001173.jpg,57
001174.jpg,24
001175.jpg,24
001176.jpg,30
001177.jpg,33
001178.jpg,20
001179.jpg,80
001180.jpg,26
001181.jpg,4
001182.jpg,20
001183.jpg,30
001184.jpg,6
001185.jpg,42
001186.jpg,51
001187.jpg,28
001188.jpg,25
001189.jpg,31
001190.jpg,21
001191.jpg,58
001192.jpg,33
001193.jpg,71
001194.jpg,75
001195.jpg,41
001196.jpg,23
001197.jpg,20
001198.jpg,83
001199.jpg,33
001200.jpg,24
001201.jpg,23
001202.jpg,42
001203.jpg,30
001204.jpg,49
001205.jpg,49
001206.jpg,24
001207.jpg,45
001208.jpg,21
001209.jpg,7
001210.jpg,30
001211.jpg,1
001212.jpg,40
001213.jpg,21
001214.jpg,27
001215.jpg,23
001216.jpg,70
001217.jpg,43
001218.jpg,30
001219.jpg,25
001220.jpg,19
001221.jpg,15
001222.jpg,25
001223.jpg,29
001224.jpg,70
001225.jpg,16
001226.jpg,7
001227.jpg,50
001228.jpg,47
001229.jpg,16
001230.jpg,44
001231.jpg,42
001232.jpg,39
001233.jpg,3
001234.jpg,34
001235.jpg,6
001236.jpg,18
001237.jpg,39
001238.jpg,35
001239.jpg,67
001240.jpg,13
001241.jpg,14
001242.jpg,57
001243.jpg,26
001244.jpg,20
001245.jpg,24
001246.jpg,38
001247.jpg,43
001248.jpg,28
001249.jpg,40
001250.jpg,11
001251.jpg,32
001252.jpg,2
001253.jpg,19
001254.jpg,12
001255.jpg,50
001256.jpg,57
001257.jpg,63
001258.jpg,26
001259.jpg,4
001260.jpg,4
001261.jpg,25
001262.jpg,23
001263.jpg,69
001264.jpg,37
001265.jpg,34
001266.jpg,75
001267.jpg,50
001268.jpg,54
001269.jpg,60
001270.jpg,17
001271.jpg,37
001272.jpg,55
001273.jpg,40
001274.jpg,35
001275.jpg,25
001276.jpg,28
001277.jpg,29
001278.jpg,11
001279.jpg,27
001280.jpg,22
001281.jpg,51
001282.jpg,40
001283.jpg,14
001284.jpg,35
001285.jpg,17
001286.jpg,17
001287.jpg,23
001288.jpg,45
001289.jpg,42
001290.jpg,27
001291.jpg,23
001292.jpg,13
001293.jpg,19
001294.jpg,30
001295.jpg,21
001296.jpg,36
001297.jpg,22
001298.jpg,25
001299.jpg,31
001300.jpg,7
001301.jpg,44
001302.jpg,45
001303.jpg,41
001304.jpg,17
001305.jpg,17
001306.jpg,38
001307.jpg,48
001308.jpg,33
001309.jpg,25
001310.jpg,32
001311.jpg,27
001312.jpg,18
001313.jpg,60
001314.jpg,33
001315.jpg,31
001316.jpg,44
001317.jpg,5
001318.jpg,36
001319.jpg,29
001320.jpg,51
001321.jpg,5
001322.jpg,19
001323.jpg,57
001324.jpg,1
001325.jpg,16
001326.jpg,48
001327.jpg,16
001328.jpg,53
001329.jpg,24
001330.jpg,22
001331.jpg,23
001332.jpg,17
001333.jpg,18
001334.jpg,80
001335.jpg,5
001336.jpg,27
001337.jpg,35
001338.jpg,27
001339.jpg,22
001340.jpg,49
001341.jpg,28
001342.jpg,29
001343.jpg,24
001344.jpg,2
001345.jpg,7
001346.jpg,18
001347.jpg,30
001348.jpg,50
001349.jpg,60
001350.jpg,25
001351.jpg,30
001352.jpg,44
001353.jpg,22
001354.jpg,59
001355.jpg,64
001356.jpg,27
001357.jpg,33
001358.jpg,28
001359.jpg,24
001360.jpg,1
001361.jpg,84
001362.jpg,55
001363.jpg,26
001364.jpg,65
001365.jpg,36
001366.jpg,38
001367.jpg,30
001368.jpg,15
001369.jpg,25
001370.jpg,8
001371.jpg,40
001372.jpg,4
001373.jpg,37
001374.jpg,27
001375.jpg,44
001376.jpg,30
001377.jpg,45
001378.jpg,25
001379.jpg,47
001380.jpg,1
001381.jpg,20
001382.jpg,20
001383.jpg,30
001384.jpg,35
001385.jpg,35
001386.jpg,50
001387.jpg,11
001388.jpg,24
001389.jpg,3
001390.jpg,26
001391.jpg,34
001392.jpg,36
001393.jpg,38
001394.jpg,40
001395.jpg,14
001396.jpg,9
001397.jpg,50
001398.jpg,27
001399.jpg,13
001400.jpg,19
001401.jpg,22
001402.jpg,36
001403.jpg,16
001404.jpg,22
001405.jpg,25
001406.jpg,90
001407.jpg,47
001408.jpg,53
001409.jpg,8
001410.jpg,48
001411.jpg,25
001412.jpg,11
001413.jpg,50
001414.jpg,50
001415.jpg,23
001416.jpg,18
001417.jpg,27
001418.jpg,40
001419.jpg,20
001420.jpg,32
001421.jpg,30
001422.jpg,27
001423.jpg,14
001424.jpg,60
001425.jpg,17
001426.jpg,36
001427.jpg,28
001428.jpg,28
001429.jpg,1
001430.jpg,36
001431.jpg,23
001432.jpg,9
001433.jpg,8
001434.jpg,80
001435.jpg,2
001436.jpg,22
001437.jpg,34
001438.jpg,19
001439.jpg,25
001440.jpg,34
001441.jpg,6
001442.jpg,3
001443.jpg,19
001444.jpg,52
001445.jpg,30
001446.jpg,59
001447.jpg,24
001448.jpg,59
001449.jpg,5
001450.jpg,40
001451.jpg,26
001452.jpg,49
001453.jpg,23
001454.jpg,30
001455.jpg,5
001456.jpg,26
001457.jpg,47
001458.jpg,27
001459.jpg,27
001460.jpg,41
001461.jpg,30
001462.jpg,32
001463.jpg,10
001464.jpg,17
001465.jpg,6
001466.jpg,47
001467.jpg,18
001468.jpg,26
001469.jpg,19
001470.jpg,15
001471.jpg,14
001472.jpg,22
001473.jpg,25
001474.jpg,31
001475.jpg,6
001476.jpg,30
001477.jpg,33
001478.jpg,18
001479.jpg,31
001480.jpg,14
001481.jpg,1
001482.jpg,35
001483.jpg,6
001484.jpg,12
001485.jpg,40
001486.jpg,44
001487.jpg,70
001488.jpg,28
001489.jpg,30
001490.jpg,37
001491.jpg,29
001492.jpg,17
001493.jpg,43
001494.jpg,42
001495.jpg,25
001496.jpg,8
001497.jpg,32
001498.jpg,13
001499.jpg,30
001500.jpg,25
001501.jpg,70
001502.jpg,16
001503.jpg,60
001504.jpg,20
001505.jpg,20
001506.jpg,16
001507.jpg,65
001508.jpg,23
001509.jpg,60
001510.jpg,44
001511.jpg,73
001512.jpg,9
001513.jpg,30
001514.jpg,28
001515.jpg,30
001516.jpg,25
001517.jpg,23
001518.jpg,30
001519.jpg,25
001520.jpg,38
001521.jpg,25
001522.jpg,57
001523.jpg,32
001524.jpg,25
001525.jpg,42
001526.jpg,25
001527.jpg,30
001528.jpg,50
001529.jpg,48
001530.jpg,32
001531.jpg,36
001532.jpg,32
001533.jpg,84
001534.jpg,44
001535.jpg,24
001536.jpg,58
001537.jpg,29
001538.jpg,37
001539.jpg,34
001540.jpg,23
001541.jpg,5
001542.jpg,16
001543.jpg,39
001544.jpg,6
001545.jpg,28
001546.jpg,60
001547.jpg,45
001548.jpg,37
001549.jpg,25
001550.jpg,21
001551.jpg,19
001552.jpg,30
001553.jpg,31
001554.jpg,43
001555.jpg,35
001556.jpg,18
001557.jpg,50
001558.jpg,55
001559.jpg,13
001560.jpg,30
001561.jpg,55
001562.jpg,60
001563.jpg,26
001564.jpg,9
001565.jpg,7
001566.jpg,21
001567.jpg,15
001568.jpg,37
001569.jpg,35
001570.jpg,40
001571.jpg,30
001572.jpg,38
001573.jpg,37
001574.jpg,27
001575.jpg,50
001576.jpg,25
001577.jpg,29
001578.jpg,27
001579.jpg,13
001580.jpg,23
001581.jpg,44
001582.jpg,15
001583.jpg,25
001584.jpg,13
001585.jpg,24
001586.jpg,13
001587.jpg,25
001588.jpg,1
001589.jpg,54
001590.jpg,12
001591.jpg,22
001592.jpg,19
001593.jpg,25
001594.jpg,28
001595.jpg,27
001596.jpg,5
001597.jpg,28
001598.jpg,13
001599.jpg,57
001600.jpg,29
001601.jpg,50
001602.jpg,8
001603.jpg,38
001604.jpg,35
001605.jpg,24
001606.jpg,41
001607.jpg,22
001608.jpg,58
001609.jpg,32
001610.jpg,57
001611.jpg,38
001612.jpg,2
001613.jpg,51
001614.jpg,15
001615.jpg,19
001616.jpg,23
001617.jpg,20
001618.jpg,20
001619.jpg,45
001620.jpg,21
001621.jpg,28
001622.jpg,26
001623.jpg,4
001624.jpg,23
001625.jpg,28
001626.jpg,26
001627.jpg,36
001628.jpg,27
001629.jpg,31
001630.jpg,31
001631.jpg,25
001632.jpg,29
001633.jpg,20
001634.jpg,28
001635.jpg,46
001636.jpg,31
001637.jpg,38
001638.jpg,20
001639.jpg,30
001640.jpg,90
001641.jpg,24
001642.jpg,11
001643.jpg,35
001644.jpg,14
001645.jpg,22
001646.jpg,10
001647.jpg,34
001648.jpg,27
001649.jpg,5
001650.jpg,20
001651.jpg,4
001652.jpg,21
001653.jpg,36
001654.jpg,60
001655.jpg,34
001656.jpg,41
001657.jpg,22
001658.jpg,21
001659.jpg,49
001660.jpg,21
001661.jpg,41
001662.jpg,1
001663.jpg,57
001664.jpg,15
001665.jpg,17
001666.jpg,15
001667.jpg,39
001668.jpg,23
001669.jpg,23
001670.jpg,30
001671.jpg,26
001672.jpg,33
001673.jpg,33
001674.jpg,20
001675.jpg,26
001676.jpg,24
001677.jpg,23
001678.jpg,59
001679.jpg,52
001680.jpg,40
001681.jpg,45
001682.jpg,50
001683.jpg,46
001684.jpg,4
001685.jpg,11
001686.jpg,87
001687.jpg,44
001688.jpg,66
001689.jpg,40
001690.jpg,30
001691.jpg,30
001692.jpg,1
001693.jpg,50
001694.jpg,23
001695.jpg,1
001696.jpg,23
001697.jpg,24
001698.jpg,27
001699.jpg,24
001700.jpg,42
001701.jpg,17
001702.jpg,38
001703.jpg,14
001704.jpg,14
001705.jpg,82
001706.jpg,25
001707.jpg,15
001708.jpg,26
001709.jpg,32
001710.jpg,50
001711.jpg,86
001712.jpg,37
001713.jpg,32
001714.jpg,32
001715.jpg,20
001716.jpg,40
001717.jpg,22
001718.jpg,30
001719.jpg,22
001720.jpg,40
001721.jpg,40
001722.jpg,25
001723.jpg,37
001724.jpg,70
001725.jpg,1
001726.jpg,18
001727.jpg,36
001728.jpg,7
001729.jpg,57
001730.jpg,19
001731.jpg,38
001732.jpg,66
001733.jpg,26
001734.jpg,27
001735.jpg,24
001736.jpg,2
001737.jpg,50
001738.jpg,31
001739.jpg,29
001740.jpg,43
001741.jpg,19
001742.jpg,34
001743.jpg,29
001744.jpg,25
001745.jpg,36
001746.jpg,27
001747.jpg,15
001748.jpg,27
001749.jpg,50
001750.jpg,7
001751.jpg,46
001752.jpg,31
001753.jpg,2
001754.jpg,25
001755.jpg,33
001756.jpg,1
001757.jpg,28
001758.jpg,37
001759.jpg,14
001760.jpg,7
001761.jpg,32
001762.jpg,42
001763.jpg,54
001764.jpg,48
001765.jpg,40
001766.jpg,46
001767.jpg,22
001768.jpg,26
001769.jpg,45
001770.jpg,43
001771.jpg,43
001772.jpg,23
001773.jpg,12
001774.jpg,41
001775.jpg,35
001776.jpg,29
001777.jpg,40
001778.jpg,22
001779.jpg,24
001780.jpg,30
001781.jpg,1
001782.jpg,29
001783.jpg,53
001784.jpg,52
001785.jpg,46
001786.jpg,50
001787.jpg,18
001788.jpg,22
001789.jpg,40
001790.jpg,60
001791.jpg,37
001792.jpg,29
001793.jpg,14
001794.jpg,23
001795.jpg,51
001796.jpg,28
001797.jpg,27
001798.jpg,27
001799.jpg,37
001800.jpg,26
001801.jpg,33
001802.jpg,20
001803.jpg,27
001804.jpg,54
001805.jpg,32
001806.jpg,19
001807.jpg,30
001808.jpg,27
001809.jpg,24
001810.jpg,34
001811.jpg,28
001812.jpg,2
001813.jpg,50
001814.jpg,49
001815.jpg,30
001816.jpg,44
001817.jpg,38
001818.jpg,2
001819.jpg,22
001820.jpg,16
001821.jpg,31
001822.jpg,47
001823.jpg,1
001824.jpg,60
001825.jpg,90
001826.jpg,39
001827.jpg,20
001828.jpg,52
001829.jpg,11
001830.jpg,16
001831.jpg,28
001832.jpg,17
001833.jpg,38
001834.jpg,59
001835.jpg,13
001836.jpg,37
001837.jpg,61
001838.jpg,15
001839.jpg,28
001840.jpg,20
001841.jpg,53
001842.jpg,60
001843.jpg,11
001844.jpg,50
001845.jpg,4
001846.jpg,31
001847.jpg,57
001848.jpg,30
001849.jpg,34
001850.jpg,36
001851.jpg,40
001852.jpg,36
001853.jpg,38
001854.jpg,37
001855.jpg,4
001856.jpg,6
001857.jpg,32
001858.jpg,7
001859.jpg,35
001860.jpg,53
001861.jpg,38
001862.jpg,14
001863.jpg,40
001864.jpg,4
001865.jpg,22
001866.jpg,20
001867.jpg,26
001868.jpg,17
001869.jpg,40
001870.jpg,32
001871.jpg,15
001872.jpg,28
001873.jpg,28
001874.jpg,22
001875.jpg,26
001876.jpg,22
001877.jpg,43
001878.jpg,61
001879.jpg,26
001880.jpg,22
001881.jpg,42
001882.jpg,30
001883.jpg,21
001884.jpg,75
001885.jpg,26
001886.jpg,42
001887.jpg,25
001888.jpg,42
001889.jpg,23
001890.jpg,29
001891.jpg,13
001892.jpg,23
001893.jpg,25
001894.jpg,30
001895.jpg,11
001896.jpg,15
001897.jpg,16
001898.jpg,43
001899.jpg,30
001900.jpg,18
001901.jpg,27
001902.jpg,17
001903.jpg,27
001904.jpg,11
001905.jpg,17
001906.jpg,28
001907.jpg,32
001908.jpg,59
001909.jpg,9
001910.jpg,33
001911.jpg,30
001912.jpg,35
001913.jpg,24
001914.jpg,50
001915.jpg,8
001916.jpg,27
001917.jpg,48
001918.jpg,9
001919.jpg,30
001920.jpg,53
001921.jpg,17
001922.jpg,55
001923.jpg,12
001924.jpg,26
001925.jpg,45
001926.jpg,47
001927.jpg,17
001928.jpg,16
001929.jpg,1
001930.jpg,30
001931.jpg,43
001932.jpg,13
001933.jpg,57
001934.jpg,33
001935.jpg,19
001936.jpg,51
001937.jpg,24
001938.jpg,44
001939.jpg,14
001940.jpg,27
001941.jpg,32
001942.jpg,19
001943.jpg,25
001944.jpg,34
001945.jpg,59
001946.jpg,35
001947.jpg,29
001948.jpg,30
001949.jpg,27
001950.jpg,22
001951.jpg,30
001952.jpg,80
001953.jpg,32
001954.jpg,26
001955.jpg,24
001956.jpg,16
001957.jpg,4
001958.jpg,55
001959.jpg,20
001960.jpg,1
001961.jpg,64
001962.jpg,38
001963.jpg,6
001964.jpg,37
001965.jpg,43
001966.jpg,27
001967.jpg,21
001968.jpg,30
001969.jpg,36
001970.jpg,27
001971.jpg,31
001972.jpg,70
001973.jpg,17
001974.jpg,15
001975.jpg,20
001976.jpg,26
001977.jpg,31
001978.jpg,16
001979.jpg,5
001980.jpg,17
001981.jpg,27
001982.jpg,30
001983.jpg,58
001984.jpg,20
001985.jpg,27
001986.jpg,24
001987.jpg,70
001988.jpg,49
001989.jpg,55
001990.jpg,25
001991.jpg,20
001992.jpg,30
001993.jpg,59
001994.jpg,61
001995.jpg,25
001996.jpg,42
001997.jpg,30
001998.jpg,27
001999.jpg,37
002000.jpg,14
002001.jpg,14
002002.jpg,19
002003.jpg,24
002004.jpg,20
002005.jpg,13
002006.jpg,33
002007.jpg,11
002008.jpg,38
002009.jpg,23
002010.jpg,36
002011.jpg,23
002012.jpg,16
002013.jpg,18
002014.jpg,23
002015.jpg,60
002016.jpg,58
002017.jpg,32
002018.jpg,11
002019.jpg,31
002020.jpg,33
002021.jpg,17
002022.jpg,40
002023.jpg,18
002024.jpg,14
002025.jpg,14
002026.jpg,50
002027.jpg,23
002028.jpg,27
002029.jpg,2
002030.jpg,68
002031.jpg,65
002032.jpg,31
002033.jpg,25
002034.jpg,33
002035.jpg,45
002036.jpg,18
002037.jpg,39
002038.jpg,21
002039.jpg,23
002040.jpg,20
002041.jpg,68
002042.jpg,43
002043.jpg,27
002044.jpg,29
002045.jpg,70
002046.jpg,23
002047.jpg,29
002048.jpg,40
002049.jpg,37
002050.jpg,58
002051.jpg,10
002052.jpg,11
002053.jpg,12
002054.jpg,80
002055.jpg,20
002056.jpg,20
002057.jpg,34
002058.jpg,25
002059.jpg,34
002060.jpg,46
002061.jpg,44
002062.jpg,5
002063.jpg,26
002064.jpg,1
002065.jpg,26
002066.jpg,24
002067.jpg,16
002068.jpg,2
002069.jpg,19
002070.jpg,10
002071.jpg,58
002072.jpg,27
002073.jpg,32
002074.jpg,22
002075.jpg,45
002076.jpg,43
002077.jpg,30
002078.jpg,1
002079.jpg,23
002080.jpg,23
002081.jpg,40
002082.jpg,43
002083.jpg,15
002084.jpg,65
002085.jpg,41
002086.jpg,5
002087.jpg,50
002088.jpg,20
002089.jpg,52
002090.jpg,19
002091.jpg,15
002092.jpg,25
002093.jpg,54
002094.jpg,10
002095.jpg,45
002096.jpg,21
002097.jpg,50
002098.jpg,36
002099.jpg,30
002100.jpg,51
002101.jpg,19
002102.jpg,36
002103.jpg,50
002104.jpg,29
002105.jpg,14
002106.jpg,46
002107.jpg,13
002108.jpg,5
002109.jpg,6
002110.jpg,37
002111.jpg,56
002112.jpg,26
002113.jpg,4
002114.jpg,1
002115.jpg,30
002116.jpg,29
002117.jpg,51
002118.jpg,38
002119.jpg,46
002120.jpg,21
002121.jpg,8
002122.jpg,25
002123.jpg,30
002124.jpg,44
002125.jpg,15
002126.jpg,43
002127.jpg,40
002128.jpg,60
002129.jpg,17
002130.jpg,37
002131.jpg,16
002132.jpg,4
002133.jpg,36
002134.jpg,30
002135.jpg,26
002136.jpg,30
002137.jpg,71
002138.jpg,17
002139.jpg,26
002140.jpg,50
002141.jpg,24
002142.jpg,67
002143.jpg,40
002144.jpg,62
002145.jpg,31
002146.jpg,25
002147.jpg,19
002148.jpg,31
002149.jpg,38
002150.jpg,15
002151.jpg,41
002152.jpg,25
002153.jpg,32
002154.jpg,28
002155.jpg,19
002156.jpg,32
002157.jpg,31
002158.jpg,6
002159.jpg,62
002160.jpg,21
002161.jpg,55
002162.jpg,15
002163.jpg,29
002164.jpg,4
002165.jpg,16
002166.jpg,16
002167.jpg,56
002168.jpg,39
002169.jpg,45
002170.jpg,28
002171.jpg,18
002172.jpg,28
002173.jpg,19
002174.jpg,22
002175.jpg,19
002176.jpg,37
002177.jpg,18
002178.jpg,50
002179.jpg,49
002180.jpg,27
002181.jpg,21
002182.jpg,14
002183.jpg,19
002184.jpg,29
002185.jpg,26
002186.jpg,19
002187.jpg,2
002188.jpg,85
002189.jpg,30
002190.jpg,32
002191.jpg,36
002192.jpg,50
002193.jpg,10
002194.jpg,28
002195.jpg,29
002196.jpg,20
002197.jpg,23
002198.jpg,49
002199.jpg,16
002200.jpg,48
002201.jpg,30
002202.jpg,39
002203.jpg,49
002204.jpg,19
002205.jpg,43
002206.jpg,64
002207.jpg,21
002208.jpg,30
002209.jpg,26
002210.jpg,24
002211.jpg,19
002212.jpg,35
002213.jpg,65
002214.jpg,5
002215.jpg,21
002216.jpg,13
002217.jpg,13
002218.jpg,18
002219.jpg,17
002220.jpg,11
002221.jpg,37
002222.jpg,25
002223.jpg,34
002224.jpg,34
002225.jpg,42
002226.jpg,42
002227.jpg,28
002228.jpg,42
002229.jpg,27
002230.jpg,27
002231.jpg,14
002232.jpg,23
002233.jpg,24
002234.jpg,30
002235.jpg,46
002236.jpg,66
002237.jpg,46
002238.jpg,26
002239.jpg,28
002240.jpg,16
002241.jpg,1
002242.jpg,22
002243.jpg,39
002244.jpg,30
002245.jpg,36
002246.jpg,23
002247.jpg,21
002248.jpg,27
002249.jpg,16
002250.jpg,23
002251.jpg,32
002252.jpg,17
002253.jpg,1
002254.jpg,31
002255.jpg,20
002256.jpg,22
002257.jpg,18
002258.jpg,66
002259.jpg,8
002260.jpg,2
002261.jpg,52
002262.jpg,32
002263.jpg,15
002264.jpg,16
002265.jpg,15
002266.jpg,40
002267.jpg,21
002268.jpg,19
002269.jpg,18
002270.jpg,28
002271.jpg,26
002272.jpg,22
002273.jpg,20
002274.jpg,20
002275.jpg,35
002276.jpg,54
002277.jpg,13
002278.jpg,50
002279.jpg,18
002280.jpg,90
002281.jpg,37
002282.jpg,15
002283.jpg,6
002284.jpg,51
002285.jpg,50
002286.jpg,48
002287.jpg,37
002288.jpg,59
002289.jpg,72
002290.jpg,80
002291.jpg,24
002292.jpg,55
002293.jpg,22
002294.jpg,4
002295.jpg,40
002296.jpg,29
002297.jpg,21
002298.jpg,30
002299.jpg,20
002300.jpg,35
002301.jpg,5
002302.jpg,17
002303.jpg,1
002304.jpg,25
002305.jpg,8
002306.jpg,52
002307.jpg,17
002308.jpg,22
002309.jpg,27
002310.jpg,33
002311.jpg,26
002312.jpg,38
002313.jpg,36
002314.jpg,36
002315.jpg,14
002316.jpg,46
002317.jpg,30
002318.jpg,48
002319.jpg,48
002320.jpg,51
002321.jpg,41
002322.jpg,7
002323.jpg,27
002324.jpg,35
002325.jpg,20
002326.jpg,42
002327.jpg,24
002328.jpg,18
002329.jpg,30
002330.jpg,28
002331.jpg,58
002332.jpg,40
002333.jpg,14
002334.jpg,6
002335.jpg,34
002336.jpg,36
002337.jpg,55
002338.jpg,23
002339.jpg,16
002340.jpg,85
002341.jpg,54
002342.jpg,23
002343.jpg,30
002344.jpg,55
002345.jpg,59
002346.jpg,20
002347.jpg,12
002348.jpg,71
002349.jpg,38
002350.jpg,5
002351.jpg,42
002352.jpg,24
002353.jpg,55
002354.jpg,42
002355.jpg,20
002356.jpg,1
002357.jpg,23
002358.jpg,47
002359.jpg,2
002360.jpg,46
002361.jpg,47
002362.jpg,30
002363.jpg,48
002364.jpg,36
002365.jpg,27
002366.jpg,10
002367.jpg,23
002368.jpg,51
002369.jpg,37
002370.jpg,25
002371.jpg,37
002372.jpg,37
002373.jpg,70
002374.jpg,23
002375.jpg,30
002376.jpg,55
002377.jpg,37
002378.jpg,41
002379.jpg,30
002380.jpg,52
002381.jpg,30
002382.jpg,50
002383.jpg,27
002384.jpg,62
002385.jpg,28
002386.jpg,55
002387.jpg,52
002388.jpg,34
002389.jpg,22
002390.jpg,34
002391.jpg,35
002392.jpg,16
002393.jpg,33
002394.jpg,7
002395.jpg,30
002396.jpg,33
002397.jpg,14
002398.jpg,25
002399.jpg,1
002400.jpg,38
002401.jpg,30
002402.jpg,20
002403.jpg,29
002404.jpg,22
002405.jpg,1
002406.jpg,28
002407.jpg,39
002408.jpg,21
002409.jpg,12
002410.jpg,19
002411.jpg,49
002412.jpg,24
002413.jpg,26
002414.jpg,32
002415.jpg,51
002416.jpg,50
002417.jpg,8
002418.jpg,39
002419.jpg,32
002420.jpg,87
002421.jpg,31
002422.jpg,29
002423.jpg,25
002424.jpg,50
002425.jpg,41
002426.jpg,32
002427.jpg,47
002428.jpg,37
002429.jpg,2
002430.jpg,6
002431.jpg,44
002432.jpg,47
002433.jpg,43
002434.jpg,20
002435.jpg,50
002436.jpg,31
002437.jpg,23
002438.jpg,32
002439.jpg,2
002440.jpg,30
002441.jpg,49
002442.jpg,25
002443.jpg,25
002444.jpg,34
002445.jpg,42
002446.jpg,55
002447.jpg,30
002448.jpg,35
002449.jpg,62
002450.jpg,50
002451.jpg,35
002452.jpg,14
002453.jpg,22
002454.jpg,44
002455.jpg,80
002456.jpg,45
002457.jpg,26
002458.jpg,10
002459.jpg,23
002460.jpg,2
002461.jpg,29
002462.jpg,45
002463.jpg,13
002464.jpg,25
002465.jpg,50
002466.jpg,15
002467.jpg,44
002468.jpg,49
002469.jpg,5
002470.jpg,28
002471.jpg,39
002472.jpg,35
002473.jpg,36
002474.jpg,23
002475.jpg,34
002476.jpg,21
002477.jpg,25
002478.jpg,21
002479.jpg,37
002480.jpg,39
002481.jpg,18
002482.jpg,28
002483.jpg,45
002484.jpg,16
002485.jpg,16
002486.jpg,26
002487.jpg,6
002488.jpg,2
002489.jpg,19
002490.jpg,22
002491.jpg,23
002492.jpg,72
002493.jpg,6
002494.jpg,77
002495.jpg,14
002496.jpg,22
002497.jpg,29
002498.jpg,41
002499.jpg,26
002500.jpg,44
002501.jpg,4
002502.jpg,27
002503.jpg,25
002504.jpg,1
002505.jpg,32
002506.jpg,27
002507.jpg,42
002508.jpg,28
002509.jpg,1
002510.jpg,68
002511.jpg,27
002512.jpg,22
002513.jpg,19
002514.jpg,29
002515.jpg,21
002516.jpg,21
002517.jpg,53
002518.jpg,26
002519.jpg,16
002520.jpg,1
002521.jpg,90
002522.jpg,41
002523.jpg,4
002524.jpg,22
002525.jpg,26
002526.jpg,15
002527.jpg,16
002528.jpg,10
002529.jpg,20
002530.jpg,73
002531.jpg,8
002532.jpg,14
002533.jpg,28
002534.jpg,31
002535.jpg,14
002536.jpg,15
002537.jpg,25
002538.jpg,25
002539.jpg,30
002540.jpg,28
002541.jpg,27
002542.jpg,27
002543.jpg,38
002544.jpg,20
002545.jpg,26
002546.jpg,33
002547.jpg,52
002548.jpg,30
002549.jpg,53
002550.jpg,4
002551.jpg,44
002552.jpg,21
002553.jpg,34
002554.jpg,17
002555.jpg,25
002556.jpg,35
002557.jpg,64
002558.jpg,38
002559.jpg,26
002560.jpg,27
002561.jpg,48
002562.jpg,29
002563.jpg,7
002564.jpg,17
002565.jpg,36
002566.jpg,1
002567.jpg,28
002568.jpg,52
002569.jpg,29
002570.jpg,36
002571.jpg,17
002572.jpg,18
002573.jpg,14
002574.jpg,50
002575.jpg,2
002576.jpg,1
002577.jpg,30
002578.jpg,47
002579.jpg,40
002580.jpg,33
002581.jpg,59
002582.jpg,27
002583.jpg,40
002584.jpg,24
002585.jpg,4
002586.jpg,25
002587.jpg,70
002588.jpg,15
002589.jpg,44
002590.jpg,42
002591.jpg,5
002592.jpg,66
002593.jpg,6
002594.jpg,35
002595.jpg,15
002596.jpg,7
002597.jpg,53
002598.jpg,11
002599.jpg,37
002600.jpg,37
002601.jpg,5
002602.jpg,34
002603.jpg,36
002604.jpg,51
002605.jpg,47
002606.jpg,18
002607.jpg,33
002608.jpg,18
002609.jpg,58
002610.jpg,18
002611.jpg,57
002612.jpg,58
002613.jpg,71
002614.jpg,27
002615.jpg,57
002616.jpg,52
002617.jpg,25
002618.jpg,53
002619.jpg,52
002620.jpg,30
002621.jpg,25
002622.jpg,49
002623.jpg,59
002624.jpg,62
002625.jpg,28
002626.jpg,32
002627.jpg,16
002628.jpg,60
002629.jpg,34
002630.jpg,7
002631.jpg,25
002632.jpg,53
002633.jpg,6
002634.jpg,90
002635.jpg,46
002636.jpg,41
002637.jpg,16
002638.jpg,20
002639.jpg,36
002640.jpg,30
002641.jpg,31
002642.jpg,33
002643.jpg,61
002644.jpg,46
002645.jpg,12
002646.jpg,80
002647.jpg,50
002648.jpg,21
002649.jpg,65
002650.jpg,16
002651.jpg,4
002652.jpg,63
002653.jpg,32
002654.jpg,18
002655.jpg,28
002656.jpg,20
002657.jpg,40
002658.jpg,7
002659.jpg,30
002660.jpg,37
002661.jpg,100
002662.jpg,42
002663.jpg,4
002664.jpg,19
002665.jpg,47
002666.jpg,34
002667.jpg,17
002668.jpg,39
002669.jpg,52
002670.jpg,19
002671.jpg,22
002672.jpg,25
002673.jpg,60
002674.jpg,25
002675.jpg,17
002676.jpg,27
002677.jpg,57
002678.jpg,9
002679.jpg,34
002680.jpg,42
002681.jpg,1
002682.jpg,28
002683.jpg,23
002684.jpg,32
002685.jpg,7
002686.jpg,36
002687.jpg,50
002688.jpg,19
002689.jpg,13
002690.jpg,40
002691.jpg,33
002692.jpg,23
002693.jpg,11
002694.jpg,35
002695.jpg,44
002696.jpg,30
002697.jpg,34
002698.jpg,23
002699.jpg,70
002700.jpg,29
002701.jpg,6
002702.jpg,35
002703.jpg,19
002704.jpg,11
002705.jpg,21
002706.jpg,19
002707.jpg,23
002708.jpg,26
002709.jpg,17
002710.jpg,36
002711.jpg,52
002712.jpg,23
002713.jpg,24
002714.jpg,2
002715.jpg,12
002716.jpg,20
002717.jpg,34
002718.jpg,26
002719.jpg,14
002720.jpg,16
002721.jpg,15
002722.jpg,31
002723.jpg,43
002724.jpg,61
002725.jpg,20
002726.jpg,45
002727.jpg,41
002728.jpg,33
002729.jpg,31
002730.jpg,47
002731.jpg,28
002732.jpg,4
002733.jpg,40
002734.jpg,20
002735.jpg,52
002736.jpg,39
002737.jpg,32
002738.jpg,34
002739.jpg,7
002740.jpg,24
002741.jpg,40
002742.jpg,51
002743.jpg,31
002744.jpg,39
002745.jpg,41
002746.jpg,48
002747.jpg,49
002748.jpg,37
002749.jpg,28
002750.jpg,4
002751.jpg,21
002752.jpg,16
002753.jpg,33
002754.jpg,31
002755.jpg,25
002756.jpg,25
002757.jpg,41
002758.jpg,46
002759.jpg,15
002760.jpg,24
002761.jpg,69
002762.jpg,48
002763.jpg,45
002764.jpg,31
002765.jpg,27
002766.jpg,20
002767.jpg,24
002768.jpg,28
002769.jpg,40
002770.jpg,51
002771.jpg,27
002772.jpg,27
002773.jpg,22
002774.jpg,50
002775.jpg,32
002776.jpg,25
002777.jpg,29
002778.jpg,45
002779.jpg,37
002780.jpg,32
002781.jpg,20
002782.jpg,31
002783.jpg,16
002784.jpg,58
002785.jpg,47
002786.jpg,25
002787.jpg,36
002788.jpg,36
002789.jpg,33
002790.jpg,46
002791.jpg,35
002792.jpg,25
002793.jpg,23
002794.jpg,16
002795.jpg,68
002796.jpg,1
002797.jpg,2
002798.jpg,50
002799.jpg,46
002800.jpg,27
002801.jpg,61
002802.jpg,32
002803.jpg,24
002804.jpg,45
002805.jpg,35
002806.jpg,28
002807.jpg,7
002808.jpg,21
002809.jpg,51
002810.jpg,64
002811.jpg,55
002812.jpg,17
002813.jpg,54
002814.jpg,39
002815.jpg,35
002816.jpg,49
002817.jpg,33
002818.jpg,35
002819.jpg,16
002820.jpg,43
002821.jpg,2
002822.jpg,42
002823.jpg,58
002824.jpg,20
002825.jpg,70
002826.jpg,17
002827.jpg,46
002828.jpg,21
002829.jpg,23
002830.jpg,28
002831.jpg,63
002832.jpg,18
002833.jpg,56
002834.jpg,24
002835.jpg,21
002836.jpg,17
002837.jpg,38
002838.jpg,48
002839.jpg,51
002840.jpg,26
002841.jpg,46
002842.jpg,41
002843.jpg,28
002844.jpg,31
002845.jpg,37
002846.jpg,65
002847.jpg,1
002848.jpg,5
002849.jpg,19
002850.jpg,15
002851.jpg,34
002852.jpg,52
002853.jpg,34
002854.jpg,38
002855.jpg,72
002856.jpg,46
002857.jpg,19
002858.jpg,30
002859.jpg,46
002860.jpg,24
002861.jpg,42
002862.jpg,17
002863.jpg,50
002864.jpg,56
002865.jpg,16
002866.jpg,40
002867.jpg,36
002868.jpg,47
002869.jpg,23
002870.jpg,31
002871.jpg,56
002872.jpg,19
002873.jpg,6
002874.jpg,17
002875.jpg,49
002876.jpg,22
002877.jpg,30
002878.jpg,4
002879.jpg,21
002880.jpg,1
002881.jpg,16
002882.jpg,63
002883.jpg,1
002884.jpg,19
002885.jpg,27
002886.jpg,2
002887.jpg,23
002888.jpg,49
002889.jpg,5
002890.jpg,45
002891.jpg,25
002892.jpg,25
002893.jpg,44
002894.jpg,41
002895.jpg,19
002896.jpg,21
002897.jpg,44
002898.jpg,24
002899.jpg,14
002900.jpg,30
002901.jpg,16
002902.jpg,52
002903.jpg,18
002904.jpg,23
002905.jpg,16
002906.jpg,38
002907.jpg,29
002908.jpg,29
002909.jpg,60
002910.jpg,5
002911.jpg,67
002912.jpg,32
002913.jpg,17
002914.jpg,4
002915.jpg,33
002916.jpg,18
002917.jpg,56
002918.jpg,25
002919.jpg,33
002920.jpg,51
002921.jpg,16
002922.jpg,16
002923.jpg,22
002924.jpg,48
002925.jpg,21
002926.jpg,9
002927.jpg,33
002928.jpg,45
002929.jpg,14
002930.jpg,40
002931.jpg,56
002932.jpg,41
002933.jpg,38
002934.jpg,40
002935.jpg,1
002936.jpg,48
002937.jpg,26
002938.jpg,20
002939.jpg,31
002940.jpg,26
002941.jpg,2
002942.jpg,36
002943.jpg,53
002944.jpg,17
002945.jpg,24
002946.jpg,25
002947.jpg,31
002948.jpg,39
002949.jpg,39
002950.jpg,51
002951.jpg,47
002952.jpg,30
002953.jpg,24
002954.jpg,35
002955.jpg,32
002956.jpg,25
002957.jpg,47
002958.jpg,20
002959.jpg,30
002960.jpg,34
002961.jpg,23
002962.jpg,38
002963.jpg,40
002964.jpg,26
002965.jpg,21
002966.jpg,19
002967.jpg,38
002968.jpg,52
002969.jpg,34
002970.jpg,15
002971.jpg,31
002972.jpg,32
002973.jpg,44
002974.jpg,17
002975.jpg,29
002976.jpg,60
002977.jpg,15
002978.jpg,16
002979.jpg,24
002980.jpg,6
002981.jpg,23
002982.jpg,30
002983.jpg,48
002984.jpg,58
002985.jpg,15
002986.jpg,13
002987.jpg,55
002988.jpg,25
002989.jpg,33
002990.jpg,22
002991.jpg,19
002992.jpg,24
002993.jpg,34
002994.jpg,51
002995.jpg,29
002996.jpg,47
002997.jpg,70
002998.jpg,33
002999.jpg,20
003000.jpg,22
003001.jpg,25
003002.jpg,28
003003.jpg,15
003004.jpg,43
003005.jpg,31
003006.jpg,19
003007.jpg,24
003008.jpg,29
003009.jpg,37
003010.jpg,52
003011.jpg,53
003012.jpg,33
003013.jpg,50
003014.jpg,49
003015.jpg,34
003016.jpg,30
003017.jpg,20
003018.jpg,79
003019.jpg,34
003020.jpg,42
003021.jpg,20
003022.jpg,31
003023.jpg,50
003024.jpg,26
003025.jpg,67
003026.jpg,23
003027.jpg,15
003028.jpg,22
003029.jpg,42
003030.jpg,70
003031.jpg,27
003032.jpg,34
003033.jpg,32
003034.jpg,41
003035.jpg,23
003036.jpg,41
003037.jpg,41
003038.jpg,35
003039.jpg,1
003040.jpg,32
003041.jpg,66
003042.jpg,25
003043.jpg,18
003044.jpg,16
003045.jpg,35
003046.jpg,39
003047.jpg,14
003048.jpg,39
003049.jpg,19
003050.jpg,12
003051.jpg,45
003052.jpg,27
003053.jpg,87
003054.jpg,56
003055.jpg,33
003056.jpg,25
003057.jpg,33
003058.jpg,50
003059.jpg,63
003060.jpg,48
003061.jpg,37
003062.jpg,33
003063.jpg,37
003064.jpg,40
003065.jpg,42
003066.jpg,37
003067.jpg,39
003068.jpg,57
003069.jpg,20
003070.jpg,39
003071.jpg,23
003072.jpg,60
003073.jpg,20
003074.jpg,15
003075.jpg,39
003076.jpg,25
003077.jpg,33
003078.jpg,59
003079.jpg,19
003080.jpg,34
003081.jpg,54
003082.jpg,1
003083.jpg,24
003084.jpg,35
003085.jpg,32
003086.jpg,29
003087.jpg,27
003088.jpg,21
003089.jpg,1
003090.jpg,27
003091.jpg,19
003092.jpg,25
003093.jpg,33
003094.jpg,44
003095.jpg,51
003096.jpg,38
003097.jpg,26
003098.jpg,14
003099.jpg,1
003100.jpg,17
003101.jpg,35
003102.jpg,56
003103.jpg,27
003104.jpg,29
003105.jpg,28
003106.jpg,14
003107.jpg,21
003108.jpg,43
003109.jpg,41
003110.jpg,43
003111.jpg,26
003112.jpg,30
003113.jpg,20
003114.jpg,42
003115.jpg,4
003116.jpg,32
003117.jpg,22
003118.jpg,50
003119.jpg,34
003120.jpg,46
003121.jpg,40
003122.jpg,11
003123.jpg,23
003124.jpg,20
003125.jpg,43
003126.jpg,37
003127.jpg,16
003128.jpg,25
003129.jpg,45
003130.jpg,32
003131.jpg,22
003132.jpg,26
003133.jpg,78
003134.jpg,33
003135.jpg,32
003136.jpg,30
003137.jpg,2
003138.jpg,28
003139.jpg,23
003140.jpg,26
003141.jpg,44
003142.jpg,28
003143.jpg,14
003144.jpg,30
003145.jpg,64
003146.jpg,17
003147.jpg,16
003148.jpg,22
003149.jpg,15
003150.jpg,27
003151.jpg,52
003152.jpg,47
003153.jpg,12
003154.jpg,26
003155.jpg,22
003156.jpg,22
003157.jpg,31
003158.jpg,35
003159.jpg,29
003160.jpg,19
003161.jpg,28
003162.jpg,60
003163.jpg,28
003164.jpg,44
003165.jpg,13
003166.jpg,37
003167.jpg,19
003168.jpg,20
003169.jpg,22
003170.jpg,32
003171.jpg,20
003172.jpg,40
003173.jpg,15
003174.jpg,24
003175.jpg,31
003176.jpg,73
003177.jpg,51
003178.jpg,29
003179.jpg,23
003180.jpg,47
003181.jpg,46
003182.jpg,46
003183.jpg,32
003184.jpg,39
003185.jpg,28
003186.jpg,33
003187.jpg,60
003188.jpg,20
003189.jpg,22
003190.jpg,20
003191.jpg,55
003192.jpg,62
003193.jpg,26
003194.jpg,14
003195.jpg,25
003196.jpg,16
003197.jpg,45
003198.jpg,28
003199.jpg,19
003200.jpg,18
003201.jpg,32
003202.jpg,32
003203.jpg,29
003204.jpg,16
003205.jpg,60
003206.jpg,5
003207.jpg,37
003208.jpg,22
003209.jpg,26
003210.jpg,45
003211.jpg,12
003212.jpg,38
003213.jpg,18
003214.jpg,54
003215.jpg,19
003216.jpg,28
003217.jpg,25
003218.jpg,32
003219.jpg,22
003220.jpg,63
003221.jpg,18
003222.jpg,47
003223.jpg,18
003224.jpg,17
003225.jpg,34
003226.jpg,47
003227.jpg,14
003228.jpg,25
003229.jpg,38
003230.jpg,19
003231.jpg,76
003232.jpg,28
003233.jpg,7
003234.jpg,60
003235.jpg,28
003236.jpg,16
003237.jpg,17
003238.jpg,36
003239.jpg,20
003240.jpg,21
003241.jpg,41
003242.jpg,34
003243.jpg,22
003244.jpg,23
003245.jpg,35
003246.jpg,56
003247.jpg,56
003248.jpg,17
003249.jpg,42
003250.jpg,65
003251.jpg,19
003252.jpg,25
003253.jpg,13
003254.jpg,1
003255.jpg,17
003256.jpg,30
003257.jpg,31
003258.jpg,26
003259.jpg,13
003260.jpg,94
003261.jpg,18
003262.jpg,19
003263.jpg,25
003264.jpg,51
003265.jpg,26
003266.jpg,24
003267.jpg,1
003268.jpg,22
003269.jpg,50
003270.jpg,34
003271.jpg,37
003272.jpg,42
003273.jpg,22
003274.jpg,22
003275.jpg,22
003276.jpg,38
003277.jpg,17
003278.jpg,52
003279.jpg,89
003280.jpg,4
003281.jpg,55
003282.jpg,15
003283.jpg,28
003284.jpg,15
003285.jpg,44
003286.jpg,52
003287.jpg,21
003288.jpg,25
003289.jpg,22
003290.jpg,35
003291.jpg,23
003292.jpg,24
003293.jpg,20
003294.jpg,19
003295.jpg,56
003296.jpg,22
003297.jpg,42
003298.jpg,37
003299.jpg,23
003300.jpg,27
003301.jpg,16
003302.jpg,36
003303.jpg,30
003304.jpg,40
003305.jpg,26
003306.jpg,39
003307.jpg,25
003308.jpg,29
003309.jpg,24
003310.jpg,13
003311.jpg,50
003312.jpg,18
003313.jpg,26
003314.jpg,36
003315.jpg,31
003316.jpg,61
003317.jpg,22
003318.jpg,28
003319.jpg,38
003320.jpg,47
003321.jpg,28
003322.jpg,44
003323.jpg,31
003324.jpg,24
003325.jpg,18
003326.jpg,39
003327.jpg,41
003328.jpg,22
003329.jpg,18
003330.jpg,51
003331.jpg,36
003332.jpg,28
003333.jpg,18
003334.jpg,26
003335.jpg,22
003336.jpg,51
003337.jpg,28
003338.jpg,39
003339.jpg,32
003340.jpg,20
003341.jpg,27
003342.jpg,10
003343.jpg,47
003344.jpg,26
003345.jpg,16
003346.jpg,25
003347.jpg,21
003348.jpg,45
003349.jpg,28
003350.jpg,25
003351.jpg,4
003352.jpg,36
003353.jpg,37
003354.jpg,36
003355.jpg,47
003356.jpg,15
003357.jpg,37
003358.jpg,39
003359.jpg,60
003360.jpg,59
003361.jpg,38
003362.jpg,36
003363.jpg,25
003364.jpg,17
003365.jpg,42
003366.jpg,16
003367.jpg,33
003368.jpg,32
003369.jpg,14
003370.jpg,26
003371.jpg,32
003372.jpg,18
003373.jpg,26
003374.jpg,21
003375.jpg,16
003376.jpg,30
003377.jpg,13
003378.jpg,21
003379.jpg,16
003380.jpg,15
003381.jpg,30
003382.jpg,50
003383.jpg,43
003384.jpg,29
003385.jpg,25
003386.jpg,20
003387.jpg,41
003388.jpg,39
003389.jpg,61
003390.jpg,43
003391.jpg,64
003392.jpg,4
003393.jpg,25
003394.jpg,36
003395.jpg,19
003396.jpg,10
003397.jpg,19
003398.jpg,39
003399.jpg,22
003400.jpg,20
003401.jpg,53
003402.jpg,40
003403.jpg,20
003404.jpg,2
003405.jpg,29
003406.jpg,38
003407.jpg,62
003408.jpg,28
003409.jpg,43
003410.jpg,23
003411.jpg,14
003412.jpg,21
003413.jpg,17
003414.jpg,26
003415.jpg,24
003416.jpg,15
003417.jpg,17
003418.jpg,38
003419.jpg,27
003420.jpg,37
003421.jpg,28
003422.jpg,39
003423.jpg,37
003424.jpg,50
003425.jpg,29
003426.jpg,38
003427.jpg,15
003428.jpg,15
003429.jpg,36
003430.jpg,63
003431.jpg,17
003432.jpg,41
003433.jpg,67
003434.jpg,6
003435.jpg,33
003436.jpg,47
003437.jpg,23
003438.jpg,6
003439.jpg,41
003440.jpg,23
003441.jpg,18
003442.jpg,32
003443.jpg,23
003444.jpg,40
003445.jpg,16
003446.jpg,2
003447.jpg,33
003448.jpg,58
003449.jpg,40
003450.jpg,22
003451.jpg,36
003452.jpg,24
003453.jpg,33
003454.jpg,22
003455.jpg,19
003456.jpg,33
003457.jpg,30
003458.jpg,21
003459.jpg,46
003460.jpg,36
003461.jpg,30
003462.jpg,45
003463.jpg,18
003464.jpg,29
003465.jpg,20
003466.jpg,38
003467.jpg,10
003468.jpg,25
003469.jpg,25
003470.jpg,18
003471.jpg,67
003472.jpg,34
003473.jpg,27
003474.jpg,37
003475.jpg,51
003476.jpg,44
003477.jpg,32
003478.jpg,14
003479.jpg,22
003480.jpg,33
003481.jpg,30
003482.jpg,30
003483.jpg,19
003484.jpg,71
003485.jpg,34
003486.jpg,30
003487.jpg,76
003488.jpg,52
003489.jpg,33
003490.jpg,47
003491.jpg,30
003492.jpg,14
003493.jpg,55
003494.jpg,25
003495.jpg,18
003496.jpg,15
003497.jpg,31
003498.jpg,30
003499.jpg,18
003500.jpg,28
003501.jpg,70
003502.jpg,56
003503.jpg,24
003504.jpg,27
003505.jpg,34
003506.jpg,42
003507.jpg,63
003508.jpg,32
003509.jpg,16
003510.jpg,40
003511.jpg,29
003512.jpg,45
003513.jpg,30
003514.jpg,42
003515.jpg,46
003516.jpg,31
003517.jpg,19
003518.jpg,19
003519.jpg,32
003520.jpg,33
003521.jpg,30
003522.jpg,9
003523.jpg,30
003524.jpg,23
003525.jpg,48
003526.jpg,27
003527.jpg,44
003528.jpg,11
003529.jpg,65
003530.jpg,15
003531.jpg,28
003532.jpg,77
003533.jpg,34
003534.jpg,21
003535.jpg,36
003536.jpg,27
003537.jpg,24
003538.jpg,32
003539.jpg,16
003540.jpg,29
003541.jpg,24
003542.jpg,37
003543.jpg,31
003544.jpg,15
003545.jpg,31
003546.jpg,27
003547.jpg,25
003548.jpg,39
003549.jpg,17
003550.jpg,50
003551.jpg,40
003552.jpg,57
003553.jpg,16
003554.jpg,45
003555.jpg,20
003556.jpg,43
003557.jpg,22
003558.jpg,42
003559.jpg,40
003560.jpg,8
003561.jpg,36
003562.jpg,57
003563.jpg,34
003564.jpg,49
003565.jpg,17
003566.jpg,25
003567.jpg,52
003568.jpg,17
003569.jpg,18
003570.jpg,42
003571.jpg,25
003572.jpg,43
003573.jpg,13
003574.jpg,37
003575.jpg,24
003576.jpg,47
003577.jpg,29
003578.jpg,47
003579.jpg,22
003580.jpg,22
003581.jpg,37
003582.jpg,17
003583.jpg,28
003584.jpg,32
003585.jpg,44
003586.jpg,70
003587.jpg,6
003588.jpg,72
003589.jpg,36
003590.jpg,14
003591.jpg,26
003592.jpg,12
003593.jpg,29
003594.jpg,28
003595.jpg,35
003596.jpg,33
003597.jpg,66
003598.jpg,15
003599.jpg,27
003600.jpg,69
003601.jpg,15
003602.jpg,17
003603.jpg,40
003604.jpg,51
003605.jpg,18
003606.jpg,52
003607.jpg,4
003608.jpg,23
003609.jpg,51
003610.jpg,45
003611.jpg,29
003612.jpg,84
003613.jpg,20
003614.jpg,46
003615.jpg,38
003616.jpg,15
003617.jpg,22
003618.jpg,35
003619.jpg,28
003620.jpg,24
003621.jpg,49
003622.jpg,36
003623.jpg,22
003624.jpg,44
003625.jpg,53
003626.jpg,33
003627.jpg,21
003628.jpg,42
003629.jpg,22
003630.jpg,28
003631.jpg,14
003632.jpg,17
003633.jpg,25
003634.jpg,30
003635.jpg,44
003636.jpg,36
003637.jpg,8
003638.jpg,26
003639.jpg,76
003640.jpg,16
003641.jpg,12
003642.jpg,44
003643.jpg,46
003644.jpg,3
003645.jpg,24
003646.jpg,43
003647.jpg,35
003648.jpg,50
003649.jpg,16
003650.jpg,45
003651.jpg,15
003652.jpg,37
003653.jpg,62
003654.jpg,32
003655.jpg,23
003656.jpg,34
003657.jpg,19
003658.jpg,47
003659.jpg,18
003660.jpg,27
003661.jpg,1
003662.jpg,38
003663.jpg,47
003664.jpg,69
003665.jpg,56
003666.jpg,27
003667.jpg,35
003668.jpg,74
003669.jpg,41
003670.jpg,24
003671.jpg,58
003672.jpg,38
003673.jpg,35
003674.jpg,37
003675.jpg,38
003676.jpg,24
003677.jpg,35
003678.jpg,25
003679.jpg,27
003680.jpg,23
003681.jpg,23
003682.jpg,23
003683.jpg,39
003684.jpg,20
003685.jpg,54
003686.jpg,23
003687.jpg,18
003688.jpg,38
003689.jpg,20
003690.jpg,70
003691.jpg,30
003692.jpg,41
003693.jpg,15
003694.jpg,28
003695.jpg,19
003696.jpg,40
003697.jpg,67
003698.jpg,31
003699.jpg,27
003700.jpg,29
003701.jpg,25
003702.jpg,16
003703.jpg,40
003704.jpg,24
003705.jpg,32
003706.jpg,84
003707.jpg,37
003708.jpg,35
003709.jpg,41
003710.jpg,59
003711.jpg,18
003712.jpg,18
003713.jpg,27
003714.jpg,34
003715.jpg,31
003716.jpg,25
003717.jpg,35
003718.jpg,23
003719.jpg,13
003720.jpg,13
003721.jpg,19
003722.jpg,30
003723.jpg,28
003724.jpg,32
003725.jpg,20
003726.jpg,59
003727.jpg,22
003728.jpg,24
003729.jpg,25
003730.jpg,26
003731.jpg,43
003732.jpg,21
003733.jpg,18
003734.jpg,24
003735.jpg,38
003736.jpg,41
003737.jpg,26
003738.jpg,18
003739.jpg,35
003740.jpg,44
003741.jpg,21
003742.jpg,14
003743.jpg,21
003744.jpg,46
003745.jpg,25
003746.jpg,68
003747.jpg,25
003748.jpg,28
003749.jpg,25
003750.jpg,28
003751.jpg,23
003752.jpg,19
003753.jpg,40
003754.jpg,5
003755.jpg,19
003756.jpg,30
003757.jpg,14
003758.jpg,28
003759.jpg,31
003760.jpg,18
003761.jpg,38
003762.jpg,28
003763.jpg,27
003764.jpg,24
003765.jpg,26
003766.jpg,23
003767.jpg,23
003768.jpg,28
003769.jpg,33
003770.jpg,33
003771.jpg,14
003772.jpg,4
003773.jpg,30
003774.jpg,17
003775.jpg,2
003776.jpg,30
003777.jpg,26
003778.jpg,18
003779.jpg,31
003780.jpg,27
003781.jpg,29
003782.jpg,26
003783.jpg,23
003784.jpg,22
003785.jpg,50
003786.jpg,16
003787.jpg,19
003788.jpg,17
003789.jpg,18
003790.jpg,19
003791.jpg,43
003792.jpg,49
003793.jpg,53
003794.jpg,37
003795.jpg,18
003796.jpg,16
003797.jpg,56
003798.jpg,53
003799.jpg,23
003800.jpg,30
003801.jpg,28
003802.jpg,45
003803.jpg,20
003804.jpg,33
003805.jpg,40
003806.jpg,23
003807.jpg,7
003808.jpg,40
003809.jpg,30
003810.jpg,51
003811.jpg,21
003812.jpg,31
003813.jpg,38
003814.jpg,1
003815.jpg,29
003816.jpg,7
003817.jpg,25
003818.jpg,17
003819.jpg,21
003820.jpg,39
003821.jpg,58
003822.jpg,54
003823.jpg,21
003824.jpg,30
003825.jpg,2
003826.jpg,41
003827.jpg,49
003828.jpg,55
003829.jpg,23
003830.jpg,55
003831.jpg,25
003832.jpg,14
003833.jpg,30
003834.jpg,28
003835.jpg,1
003836.jpg,48
003837.jpg,25
003838.jpg,32
003839.jpg,4
003840.jpg,17
003841.jpg,52
003842.jpg,14
003843.jpg,3
003844.jpg,24
003845.jpg,30
003846.jpg,19
003847.jpg,28
003848.jpg,29
003849.jpg,21
003850.jpg,32
003851.jpg,30
003852.jpg,15
003853.jpg,6
003854.jpg,30
003855.jpg,22
003856.jpg,36
003857.jpg,32
003858.jpg,18
003859.jpg,34
003860.jpg,47
003861.jpg,28
003862.jpg,77
003863.jpg,13
003864.jpg,72
003865.jpg,61
003866.jpg,43
003867.jpg,21
003868.jpg,41
003869.jpg,38
003870.jpg,47
003871.jpg,21
003872.jpg,26
003873.jpg,33
003874.jpg,26
003875.jpg,20
003876.jpg,48
003877.jpg,35
003878.jpg,27
003879.jpg,35
003880.jpg,1
003881.jpg,35
003882.jpg,27
003883.jpg,49
003884.jpg,49
003885.jpg,47
003886.jpg,55
003887.jpg,19
003888.jpg,28
003889.jpg,22
003890.jpg,23
003891.jpg,32
003892.jpg,22
003893.jpg,16
003894.jpg,23
003895.jpg,20
003896.jpg,52
003897.jpg,14
003898.jpg,35
003899.jpg,51
003900.jpg,20
003901.jpg,22
003902.jpg,58
003903.jpg,15
003904.jpg,25
003905.jpg,38
003906.jpg,11
003907.jpg,23
003908.jpg,27
003909.jpg,17
003910.jpg,58
003911.jpg,27
003912.jpg,26
003913.jpg,53
003914.jpg,21
003915.jpg,24
003916.jpg,17
003917.jpg,20
003918.jpg,23
003919.jpg,41
003920.jpg,39
003921.jpg,31
003922.jpg,28
003923.jpg,43
003924.jpg,33
003925.jpg,1
003926.jpg,16
003927.jpg,30
003928.jpg,17
003929.jpg,29
003930.jpg,35
003931.jpg,27
003932.jpg,27
003933.jpg,43
003934.jpg,19
003935.jpg,24
003936.jpg,2
003937.jpg,15
003938.jpg,29
003939.jpg,12
003940.jpg,14
003941.jpg,17
003942.jpg,46
003943.jpg,51
003944.jpg,46
003945.jpg,42
003946.jpg,52
003947.jpg,35
003948.jpg,39
003949.jpg,19
003950.jpg,24
003951.jpg,51
003952.jpg,24
003953.jpg,42
003954.jpg,15
003955.jpg,38
003956.jpg,27
003957.jpg,26
003958.jpg,21
003959.jpg,38
003960.jpg,37
003961.jpg,38
003962.jpg,26
003963.jpg,32
003964.jpg,59
003965.jpg,22
003966.jpg,24
003967.jpg,42
003968.jpg,46
003969.jpg,21
003970.jpg,25
003971.jpg,32
003972.jpg,52
003973.jpg,48
003974.jpg,58
003975.jpg,28
003976.jpg,44
003977.jpg,26
003978.jpg,27
003979.jpg,54
003980.jpg,61
003981.jpg,19
003982.jpg,38
003983.jpg,25
003984.jpg,18
003985.jpg,39
003986.jpg,24
003987.jpg,23
003988.jpg,51
003989.jpg,62
003990.jpg,18
003991.jpg,44
